-- ============================================================
-- AttendX - Seed Data for Development
-- ============================================================

-- Departments
INSERT INTO departments (id, name, code, description) VALUES
('d1000000-0000-0000-0000-000000000001', 'Computer Science & Engineering', 'CSE', 'Department of Computer Science and Engineering'),
('d1000000-0000-0000-0000-000000000002', 'Mechanical Engineering', 'ME', 'Department of Mechanical Engineering'),
('d1000000-0000-0000-0000-000000000003', 'Electronics & Communication', 'ECE', 'Department of Electronics and Communication Engineering'),
('d1000000-0000-0000-0000-000000000004', 'Electrical & Electronics', 'EEE', 'Department of Electrical and Electronics Engineering'),
('d1000000-0000-0000-0000-000000000005', 'Civil Engineering', 'CE', 'Department of Civil Engineering');

-- Academic Year
INSERT INTO academic_years (id, name, start_date, end_date, is_current) VALUES
('a1000000-0000-0000-0000-000000000001', '2025-2026', '2025-07-01', '2026-06-30', true);

-- Semesters
INSERT INTO semesters (id, name, number, academic_year_id, is_current) VALUES
('e1000000-0000-0000-0000-000000000001', 'Semester 1', 1, 'a1000000-0000-0000-0000-000000000001', false),
('e1000000-0000-0000-0000-000000000002', 'Semester 2', 2, 'a1000000-0000-0000-0000-000000000001', false),
('e1000000-0000-0000-0000-000000000003', 'Semester 3', 3, 'a1000000-0000-0000-0000-000000000001', true),
('e1000000-0000-0000-0000-000000000004', 'Semester 4', 4, 'a1000000-0000-0000-0000-000000000001', false),
('e1000000-0000-0000-0000-000000000005', 'Semester 5', 5, 'a1000000-0000-0000-0000-000000000001', false),
('e1000000-0000-0000-0000-000000000006', 'Semester 6', 6, 'a1000000-0000-0000-0000-000000000001', false);

-- Sections
INSERT INTO sections (id, name, department_id, semester_id) VALUES
('c1000000-0000-0000-0000-000000000001', 'CSE-3A', 'd1000000-0000-0000-0000-000000000001', 'e1000000-0000-0000-0000-000000000003'),
('c1000000-0000-0000-0000-000000000002', 'CSE-3B', 'd1000000-0000-0000-0000-000000000001', 'e1000000-0000-0000-0000-000000000003'),
('c1000000-0000-0000-0000-000000000003', 'ME-3A', 'd1000000-0000-0000-0000-000000000002', 'e1000000-0000-0000-0000-000000000003'),
('c1000000-0000-0000-0000-000000000004', 'ME-3B', 'd1000000-0000-0000-0000-000000000002', 'e1000000-0000-0000-0000-000000000003'),
('c1000000-0000-0000-0000-000000000005', 'ECE-3A', 'd1000000-0000-0000-0000-000000000003', 'e1000000-0000-0000-0000-000000000003');

-- Subjects
INSERT INTO subjects (id, code, name, department_id, semester_id, credits, type) VALUES
('f1000000-0000-0000-0000-000000000001', 'CS301', 'Data Structures & Algorithms', 'd1000000-0000-0000-0000-000000000001', 'e1000000-0000-0000-0000-000000000003', 4, 'theory'),
('f1000000-0000-0000-0000-000000000002', 'CS302', 'Database Management Systems', 'd1000000-0000-0000-0000-000000000001', 'e1000000-0000-0000-0000-000000000003', 4, 'theory'),
('f1000000-0000-0000-0000-000000000003', 'CS303', 'Operating Systems', 'd1000000-0000-0000-0000-000000000001', 'e1000000-0000-0000-0000-000000000003', 3, 'theory'),
('f1000000-0000-0000-0000-000000000004', 'CS304', 'Computer Networks', 'd1000000-0000-0000-0000-000000000001', 'e1000000-0000-0000-0000-000000000003', 3, 'theory'),
('f1000000-0000-0000-0000-000000000005', 'ME301', 'Machine Design', 'd1000000-0000-0000-0000-000000000002', 'e1000000-0000-0000-0000-000000000003', 4, 'theory'),
('f1000000-0000-0000-0000-000000000006', 'ME302', 'Heat Transfer', 'd1000000-0000-0000-0000-000000000002', 'e1000000-0000-0000-0000-000000000003', 3, 'theory'),
('f1000000-0000-0000-0000-000000000007', 'ME303', 'CAD/CAM', 'd1000000-0000-0000-0000-000000000002', 'e1000000-0000-0000-0000-000000000003', 3, 'lab'),
('f1000000-0000-0000-0000-000000000008', 'EC301', 'Digital Signal Processing', 'd1000000-0000-0000-0000-000000000003', 'e1000000-0000-0000-0000-000000000003', 4, 'theory');
